{
  "nlu-faq-utah-adult": {
    "precision": 0.9724770642201835,
    "recall": 0.9592760180995475,
    "f1-score": 0.9658314350797267,
    "support": 221,
    "confused_with": {
      "nlu-faq-clay-country-b1": 9
    }
  },
  "nlu-faq-weho-parking-b1": {
    "precision": 0.9853658536585366,
    "recall": 0.9789983844911146,
    "f1-score": 0.9821717990275526,
    "support": 619,
    "confused_with": {
      "nlu-faq-clay-country-b1": 13
    }
  },
  "affirm": {
    "precision": 0.0,
    "recall": 0.0,
    "f1-score": 0.0,
    "support": 6,
    "confused_with": {
      "deny": 4,
      "nlu-faq-utah-adult": 1,
      "nlu-faq-clay-country-b1": 1
    }
  },
  "nlu-faq-clay-country-b1": {
    "precision": 0.9809335963182118,
    "recall": 0.9953302201467645,
    "f1-score": 0.9880794701986755,
    "support": 1499,
    "confused_with": {
      "nlu-faq-weho-parking-b1": 6,
      "nlu-faq-utah-adult": 1
    }
  },
  "deny": {
    "precision": 0.09090909090909091,
    "recall": 0.14285714285714285,
    "f1-score": 0.1111111111111111,
    "support": 7,
    "confused_with": {
      "mood_great": 2,
      "nlu-faq-clay-country-b1": 1,
      "mood_unhappy": 1
    }
  },
  "mood_unhappy": {
    "precision": 0.7272727272727273,
    "recall": 0.5714285714285714,
    "f1-score": 0.64,
    "support": 14,
    "confused_with": {
      "mood_great": 2,
      "deny": 2
    }
  },
  "bot_challenge": {
    "precision": 0.0,
    "recall": 0.0,
    "f1-score": 0.0,
    "support": 4,
    "confused_with": {
      "nlu-faq-weho-parking-b1": 2,
      "nlu-faq-clay-country-b1": 2
    }
  },
  "greet": {
    "precision": 0.625,
    "recall": 0.38461538461538464,
    "f1-score": 0.4761904761904762,
    "support": 13,
    "confused_with": {
      "mood_great": 4,
      "deny": 2
    }
  },
  "mood_great": {
    "precision": 0.47368421052631576,
    "recall": 0.6428571428571429,
    "f1-score": 0.5454545454545454,
    "support": 14,
    "confused_with": {
      "mood_unhappy": 2,
      "nlu-faq-weho-parking-b1": 1
    }
  },
  "goodbye": {
    "precision": 0.0,
    "recall": 0.0,
    "f1-score": 0.0,
    "support": 10,
    "confused_with": {
      "nlu-faq-clay-country-b1": 2,
      "mood_great": 2,
      "deny": 2
    }
  },
  "accuracy": 0.9692563356875779,
  "macro avg": {
    "precision": 0.48556425429050665,
    "recall": 0.46753628644956685,
    "f1-score": 0.4708838837062087,
    "support": 2407
  },
  "weighted avg": {
    "precision": 0.9642098530344181,
    "recall": 0.9692563356875779,
    "f1-score": 0.9663933669227696,
    "support": 2407
  }
}