{
  "affirm": {
    "precision": 0.5,
    "recall": 0.3333333333333333,
    "f1-score": 0.4,
    "support": 6,
    "confused_with": {
      "mood_great": 2,
      "nlu-faq-utah-adult": 1
    }
  },
  "mood_unhappy": {
    "precision": 0.7333333333333333,
    "recall": 0.7857142857142857,
    "f1-score": 0.7586206896551724,
    "support": 14,
    "confused_with": {
      "nlu-faq-utah-adult": 2,
      "mood_great": 1
    }
  },
  "nlu-faq-weho-parking-b1": {
    "precision": 0.9918962722852512,
    "recall": 0.9886914378029079,
    "f1-score": 0.9902912621359222,
    "support": 619,
    "confused_with": {
      "nlu-faq-clay-country-b1": 6,
      "nlu-faq-utah-adult": 1
    }
  },
  "mood_great": {
    "precision": 0.5882352941176471,
    "recall": 0.7142857142857143,
    "f1-score": 0.6451612903225806,
    "support": 14,
    "confused_with": {
      "goodbye": 2,
      "nlu-faq-utah-adult": 1
    }
  },
  "bot_challenge": {
    "precision": 1.0,
    "recall": 1.0,
    "f1-score": 1.0,
    "support": 4,
    "confused_with": {}
  },
  "nlu-faq-clay-country-b1": {
    "precision": 0.9940079893475366,
    "recall": 0.9959973315543695,
    "f1-score": 0.9950016661112961,
    "support": 1499,
    "confused_with": {
      "nlu-faq-weho-parking-b1": 4,
      "nlu-faq-utah-adult": 2
    }
  },
  "greet": {
    "precision": 1.0,
    "recall": 0.6923076923076923,
    "f1-score": 0.8181818181818181,
    "support": 13,
    "confused_with": {
      "nlu-faq-utah-adult": 1,
      "mood_unhappy": 1
    }
  },
  "deny": {
    "precision": 0.8,
    "recall": 0.5714285714285714,
    "f1-score": 0.6666666666666666,
    "support": 7,
    "confused_with": {
      "mood_unhappy": 2,
      "mood_great": 1
    }
  },
  "goodbye": {
    "precision": 0.7777777777777778,
    "recall": 0.7,
    "f1-score": 0.7368421052631577,
    "support": 10,
    "confused_with": {
      "mood_great": 2,
      "nlu-faq-utah-adult": 1
    }
  },
  "nlu-faq-utah-adult": {
    "precision": 0.96,
    "recall": 0.9773755656108597,
    "f1-score": 0.9686098654708519,
    "support": 221,
    "confused_with": {
      "nlu-faq-clay-country-b1": 3,
      "nlu-faq-weho-parking-b1": 1
    }
  },
  "accuracy": 0.9837972579975073,
  "macro avg": {
    "precision": 0.8345250666861546,
    "recall": 0.7759133932037735,
    "f1-score": 0.7979375363807466,
    "support": 2407
  },
  "weighted avg": {
    "precision": 0.983814502342592,
    "recall": 0.9837972579975073,
    "f1-score": 0.9835001944775146,
    "support": 2407
  }
}